{
  "encoding": "8 assets x 1 qubit each (2 per Hartford sector)",
  "assets": [
    "A017",
    "A042",
    "A026",
    "A043",
    "A007",
    "A048",
    "A047",
    "A037"
  ],
  "sectors": [
    "Gov Bonds",
    "Gov Bonds",
    "IG Credit",
    "IG Credit",
    "Cash",
    "Cash",
    "HY Credit",
    "HY Credit"
  ],
  "mu": [
    0.01832618452881851,
    0.01811876217021902,
    0.03339295583347811,
    0.03686161962377529,
    0.01639112801327627,
    0.01363169673044932,
    0.07299326092914742,
    0.07429702838256705
  ],
  "w_max": [
    0.2,
    0.2,
    0.12,
    0.12,
    0.25,
    0.25,
    0.06,
    0.06
  ],
  "cov_matrix": [
    [
      0.001327080268381845,
      0.0008132256786161796,
      0.0002336878540626862,
      0.0001903175876084116,
      6.091728453050326e-05,
      4.697000072494185e-05,
      0.0002313651668237343,
      0.0004550395813656208
    ],
    [
      0.0008132256786161796,
      0.001480525238797873,
      0.000242809427428252,
      0.0004044345885470266,
      1.00218693697347e-05,
      6.556183615307696e-05,
      0.0003804686899508617,
      0.0003785021150277058
    ],
    [
      0.0002336878540626862,
      0.0002428094274282519,
      0.00257860513726644,
      0.001897343880322168,
      4.274597161899546e-05,
      2.280113997057538e-05,
      0.0005182908307170919,
      0.0006310759960804075
    ],
    [
      0.0001903175876084116,
      0.0004044345885470267,
      0.001897343880322167,
      0.003516648208515886,
      9.946592911635985e-06,
      6.906714021191256e-05,
      0.0007016168163438616,
      0.0007153288108414401
    ],
    [
      6.091728453050327e-05,
      1.00218693697347e-05,
      4.274597161899544e-05,
      9.946592911635966e-06,
      0.0001467121748034155,
      7.601740749131879e-05,
      0.0002748241129137115,
      0.0002244403002466113
    ],
    [
      4.697000072494185e-05,
      6.556183615307693e-05,
      2.280113997057538e-05,
      6.906714021191256e-05,
      7.601740749131879e-05,
      0.0001414207108994916,
      0.0001837203388958107,
      6.763589160938504e-05
    ],
    [
      0.0002313651668237344,
      0.0003804686899508617,
      0.0005182908307170919,
      0.0007016168163438618,
      0.0002748241129137114,
      0.0001837203388958108,
      0.01282171645483938,
      0.009275762683468237
    ],
    [
      0.0004550395813656208,
      0.0003785021150277058,
      0.0006310759960804075,
      0.0007153288108414403,
      0.0002244403002466113,
      6.763589160938506e-05,
      0.009275762683468237,
      0.01405747436388319
    ]
  ],
  "Q_matrix": [
    [
      -2.0036121536950287,
      0.40003252902714465,
      0.2400056085084975,
      0.2400045676221026,
      0.5000030458642265,
      0.5000023485000362,
      0.12000277638200188,
      0.12000546047497639
    ],
    [
      0.40003252902714465,
      -2.0035645314244923,
      0.24000582742625826,
      0.24000970643012512,
      0.5000005010934685,
      0.5000032780918077,
      0.1200045656242794,
      0.12000454202538033
    ],
    [
      0.2400056085084975,
      0.24000582742625826,
      -1.2999700227860407,
      0.14402732175187663,
      0.3000012823791486,
      0.3000006840341991,
      0.07200373169398115,
      0.07200454374717177
    ],
    [
      0.2400045676221026,
      0.24000970643012512,
      0.14402732175187663,
      -1.3003727546206503,
      0.30000029839778736,
      0.30000207201420637,
      0.07200505164107766,
      0.07200515036743806
    ],
    [
      0.5000030458642265,
      0.5000005010934685,
      0.3000012823791486,
      0.30000029839778736,
      -2.379088612492394,
      0.6250047510879682,
      0.1500041223616937,
      0.1500033666045037
    ],
    [
      0.5000023485000362,
      0.5000032780918077,
      0.3000006840341991,
      0.30000207201420637,
      0.6250047510879682,
      -2.378399085388181,
      0.15000275580508343,
      0.15000101453837414
    ],
    [
      0.12000277638200188,
      0.1200045656242794,
      0.07200373169398115,
      0.07200505164107766,
      0.1500041223616937,
      0.15000275580508343,
      -0.6883334374765114,
      0.03603339274566048
    ],
    [
      0.12000546047497639,
      0.12000454202538033,
      0.07200454374717177,
      0.07200515036743806,
      0.1500033666045037,
      0.15000101453837414,
      0.03603339274566048,
      -0.688407214795244
    ]
  ],
  "qubo_offset": 3.5999999999999996,
  "J_matrix": [
    [
      0.0,
      0.10000813225678616,
      0.060001402127124376,
      0.06000114190552565,
      0.12500076146605663,
      0.12500058712500906,
      0.03000069409550047,
      0.030001365118744096
    ],
    [
      0.0,
      0.0,
      0.060001456856564564,
      0.06000242660753128,
      0.12500012527336712,
      0.12500081952295192,
      0.03000114140606985,
      0.030001135506345082
    ],
    [
      0.0,
      0.0,
      0.0,
      0.03600683043796916,
      0.07500032059478715,
      0.07500017100854978,
      0.018000932923495288,
      0.018001135936792943
    ],
    [
      0.0,
      0.0,
      0.0,
      0.0,
      0.07500007459944684,
      0.07500051800355159,
      0.018001262910269416,
      0.018001287591859514
    ],
    [
      0.0,
      0.0,
      0.0,
      0.0,
      0.0,
      0.15625118777199204,
      0.03750103059042342,
      0.037500841651125924
    ],
    [
      0.0,
      0.0,
      0.0,
      0.0,
      0.0,
      0.0,
      0.03750068895127086,
      0.037500253634593535
    ],
    [
      0.0,
      0.0,
      0.0,
      0.0,
      0.0,
      0.0,
      0.0,
      0.00900834818641512
    ],
    [
      0.0,
      0.0,
      0.0,
      0.0,
      0.0,
      0.0,
      0.0,
      0.0
    ]
  ],
  "h_fields": [
    -0.47179199275276795,
    -0.4717670282826302,
    -0.3079727615077371,
    -0.3081728352541716,
    -0.5582899642989979,
    -0.5579453166761716,
    -0.1641526196748113,
    -0.1641892397717458
  ],
  "ising_offset": -1.5021408791095168,
  "params": {
    "q": 1.0,
    "lambda": 10.0,
    "B": 0.6
  },
  "ground_truth": {
    "x": [
      0,
      0,
      1,
      1,
      1,
      0,
      1,
      1
    ],
    "label": "00111011",
    "objective": -0.019996,
    "total_weight": 0.61,
    "return": 0.021366,
    "risk": 0.019241,
    "n_assets": 5
  },
  "top_20": [
    {
      "x": [
        0,
        0,
        1,
        1,
        1,
        0,
        1,
        1
      ],
      "label": "00111011",
      "objective": -0.019996,
      "total_weight": 0.61,
      "return": 0.021366,
      "risk": 0.019241,
      "n_assets": 5
    },
    {
      "x": [
        0,
        0,
        1,
        1,
        0,
        1,
        1,
        1
      ],
      "label": "00110111",
      "objective": -0.019311,
      "total_weight": 0.61,
      "return": 0.020676,
      "risk": 0.0191,
      "n_assets": 5
    },
    {
      "x": [
        0,
        0,
        0,
        0,
        1,
        1,
        1,
        1
      ],
      "label": "00001111",
      "objective": -0.01213,
      "total_weight": 0.62,
      "return": 0.016343,
      "risk": 0.014614,
      "n_assets": 4
    },
    {
      "x": [
        1,
        1,
        0,
        1,
        0,
        0,
        0,
        1
      ],
      "label": "11010001",
      "objective": -0.011833,
      "total_weight": 0.58,
      "return": 0.01617,
      "risk": 0.01837,
      "n_assets": 4
    },
    {
      "x": [
        1,
        1,
        0,
        1,
        0,
        0,
        1,
        0
      ],
      "label": "11010010",
      "objective": -0.011764,
      "total_weight": 0.58,
      "return": 0.016092,
      "risk": 0.018097,
      "n_assets": 4
    },
    {
      "x": [
        1,
        1,
        1,
        0,
        0,
        0,
        0,
        1
      ],
      "label": "11100001",
      "objective": -0.011437,
      "total_weight": 0.58,
      "return": 0.015754,
      "risk": 0.017806,