{
  "encoding": "4 assets x 1 qubit each (binary)",
  "assets": [
    "A017",
    "A026",
    "A007",
    "A047"
  ],
  "sectors": [
    "Gov Bonds",
    "IG Credit",
    "Cash",
    "HY Credit"
  ],
  "mu": [
    0.01832618452881851,
    0.03339295583347811,
    0.01639112801327627,
    0.07299326092914742
  ],
  "w_max": [
    0.2,
    0.12,
    0.25,
    0.06
  ],
  "cov_matrix": [
    [
      0.001327080268381845,
      0.0002336878540626862,
      6.091728453050326e-05,
      0.0002313651668237343
    ],
    [
      0.0002336878540626862,
      0.00257860513726644,
      4.274597161899546e-05,
      0.0005182908307170919
    ],
    [
      6.091728453050327e-05,
      4.274597161899544e-05,
      0.0001467121748034155,
      0.0002748241129137115
    ],
    [
      0.0002313651668237344,
      0.0005182908307170919,
      0.0002748241129137114,
      0.01282171645483938
    ]
  ],
  "Q_matrix": [
    [
      -0.8036121536950286,
      0.2400056085084975,
      0.5000030458642265,
      0.12000277638200188
    ],
    [
      0.2400056085084975,
      -0.5799700227860407,
      0.3000012823791486,
      0.07200373169398115
    ],
    [
      0.5000030458642265,
      0.3000012823791486,
      -0.8790886124923939,
      0.1500041223616937
    ],
    [
      0.12000277638200188,
      0.07200373169398115,
      0.1500041223616937,
      -0.3283334374765114
    ]
  ],
  "qubo_offset": 0.8999999999999999,
  "J_matrix": [
    [
      0.0,
      0.060001402127124376,
      0.12500076146605663,
      0.03000069409550047
    ],
    [
      0.0,
      0.0,
      0.07500032059478715,
      0.018000932923495288
    ],
    [
      0.0,
      0.0,
      0.0,
      0.03750103059042342
    ],
    [
      0.0,
      0.0,
      0.0,
      0.0
    ]
  ],
  "h_fields": [
    -0.18680321915883283,
    -0.13698235574761355,
    -0.20204219359492975,
    -0.07866406112883652
  ],
  "ising_offset": -0.3022459148151063,
  "params": {
    "q": 1.0,
    "lambda": 10.0,
    "B": 0.3
  },
  "ground_truth": {
    "x": [
      0,
      0,
      1,
      1
    ],
    "label": "0011",
    "objective": -0.007414,
    "total_weight": 0.31,
    "return": 0.008477,
    "risk": 0.007973,
    "n_assets": 2
  },
  "all_states": [
    {
      "x": [
        0,
        0,
        1,
        1
      ],
      "label": "0011",
      "objective": -0.007414,
      "total_weight": 0.31,
      "return": 0.008477,
      "risk": 0.007973,
      "n_assets": 2
    },
    {
      "x": [
        1,
        1,
        0,
        0
      ],
      "label": "1100",
      "objective": -0.003571,
      "total_weight": 0.32,
      "return": 0.007672,
      "risk": 0.010071,
      "n_assets": 2
    },
    {
      "x": [
        1,
        0,
        0,
        1
      ],
      "label": "1001",
      "objective": 0.00806,
      "total_weight": 0.26,
      "return": 0.008045,
      "risk": 0.010237,
      "n_assets": 2
    },
    {
      "x": [
        0,
        0,
        1,
        0
      ],
      "label": "0010",
      "objective": 0.020911,
      "total_weight": 0.25,
      "return": 0.004098,
      "risk": 0.003028,
      "n_assets": 1
    },
    {
      "x": [
        0,
        1,
        1,
        0
      ],
      "label": "0110",
      "objective": 0.040944,
      "total_weight": 0.37,
      "return": 0.008105,
      "risk": 0.00699,
      "n_assets": 2
    },
    {
      "x": [
        1,
        1,
        0,
        1
      ],
      "label": "1101",
      "objective": 0.052109,
      "total_weight": 0.38,
      "return": 0.012052,
      "risk": 0.012673,
      "n_assets": 3
    },
    {
      "x": [
        1,
        0,
        0,
        0
      ],
      "label": "1000",
      "objective": 0.096388,
      "total_weight": 0.2,
      "return": 0.003665,
      "risk": 0.007286,
      "n_assets": 1
    },
    {
      "x": [
        0,
        1,
        0,
        1
      ],
      "label": "0101",
      "objective": 0.135704,
      "total_weight": 0.18,
      "return": 0.008387,
      "risk": 0.009526,
      "n_assets": 2
    },
    {
      "x": [
        0,
        1,
        1,
        1
      ],
      "label": "0111",
      "objective": 0.156626,
      "total_weight": 0.43,
      "return": 0.012485,
      "risk": 0.010523,
      "n_assets": 3
    },
    {
      "x": [
        1,
        0,
        1,
        0
      ],
      "label": "1010",
      "objective": 0.217305,
      "total_weight": 0.45,
      "return": 0.007763,
      "risk": 0.008267,
      "n_assets": 2
    },
    {
      "x": [
        0,
        1,
        0,
        0
      ],
      "label": "0100",
      "objective": 0.32003,
      "total_weight": 0.12,
      "return": 0.004007,
      "risk": 0.006094,
      "n_assets": 1
    },
    {
      "x": [
        1,
        0,
        1,
        1
      ],
      "label": "1011",
      "objective": 0.428986,
      "total_weight": 0.51,
      "return": 0.012143,
      "risk": 0.011327,
      "n_assets": 3
    },
    {
      "x": [
        0,
        0,
        0,
        1
      ],
      "label": "0001",
      "objective": 0.571667,
      "total_weight": 0.06,
      "return": 0.00438,
      "risk": 0.006794,
      "n_assets": 1
    },
    {
      "x": [
        1,
        1,
        1,
        0
      ],
      "label": "1110",
      "objective": 0.717349,
      "total_weight": 0.57,
      "return": 0.01177,
      "risk": 0.010921,
      "n_assets": 3
    },
    {
      "x": [
        0,
        0,
        0,
        0
      ],
      "label": "0000",
      "objective": 0.9,
      "total_weight": 0.0,
      "return": 0.0,
      "risk": 0.0,
      "n_assets": 0
    },
    {
      "x": [
        1,
        1,
        1,
        1
      ],
      "label": "1111",
      "objective": 1.073037,
      "total_weight": 0.63,
      "return": 0.01615,
      "risk": 0.013663,
      "n_assets": 4
    }
  ]
}