{
  "encoding": "4 assets \u00d7 2 qubits each | lots = x_LSB + 2*x_MSB | weight = (lots/3)*w_max",
  "assets": [
    "A004",
    "A047",
    "A026",
    "A017"
  ],
  "sectors": [
    "Equities US",
    "HY Credit",
    "IG Credit",
    "Gov Bonds"
  ],
  "mu": [
    0.08232636907455786,
    0.07299326092914742,
    0.03339295583347811,
    0.01832618452881851
  ],
  "w_max": [
    0.08,
    0.06,
    0.12,
    0.2
  ],
  "cov_matrix_4x4": [
    [
      0.02990831710889107,
      0.0006701986925975383,
      0.000755416264173024,
      0.000102347143408026
    ],
    [
      0.0006701986925975373,
      0.01282171645483938,
      0.0005182908307170919,
      0.0002313651668237344
    ],
    [
      0.0007554162641730238,
      0.0005182908307170919,
      0.00257860513726644,
      0.0002336878540626862
    ],
    [
      0.0001023471434080259,
      0.0002313651668237343,
      0.0002336878540626862,
      0.001327080268381845
    ]
  ],
  "qubit_labels": [
    "A004_LSB",
    "A004_MSB",
    "A047_LSB",
    "A047_MSB",
    "A026_LSB",
    "A026_MSB",
    "A017_LSB",
    "A017_MSB"
  ],
  "qubit_coefficients": [
    0.02666666666666667,
    0.05333333333333334,
    0.02,
    0.04,
    0.04,
    0.08,
    0.06666666666666667,
    0.13333333333333333
  ],
  "Q_matrix_8x8": [
    [
      -0.15506299059426634,
      0.014264758495443756,
      0.005333690772636053,
      0.010667381545272105,
      0.010667472444015117,
      0.021334944888030234,
      0.01777795972825495,
      0.0355559194565099
    ],
    [
      0.014264758495443756,
      -0.2958612226930889,
      0.010667381545272105,
      0.02133476309054421,
      0.021334944888030234,
      0.04266988977606047,
      0.0355559194565099,
      0.0711118389130198
    ],
    [
      0.005333690772636053,
      0.010667381545272105,
      -0.117454736532001,
      0.008010257373163871,
      0.008000414632664574,
      0.01600082926532915,
      0.013333641820222432,
      0.026667283640444864
    ],
    [
      0.010667381545272105,
      0.02133476309054421,
      0.008010257373163871,
      -0.22689921569083815,
      0.01600082926532915,
      0.0320016585306583,
      0.026667283640444864,
      0.05333456728088973
    ],
    [
      0.010667472444015117,
      0.021334944888030234,
      0.008000414632664574,
      0.01600082926532915,
      -0.2253315924651195,
      0.032008251536439256,
      0.026667289834277498,
      0.053334579668554996
    ],
    [
      0.021334944888030234,
      0.04266988977606047,
      0.01600082926532915,
      0.0320016585306583,
      0.032008251536439256,
      -0.4186549333937997,
      0.053334579668554996,
      0.10666915933710999
    ],
    [
      0.01777795972825495,
      0.0355559194565099,
      0.013333641820222432,
      0.026667283640444864,
      0.026667289834277498,
      0.053334579668554996,
      -0.356771403056284,
      0.08890068515794117
    ],
    [
      0.0355559194565099,
      0.0711118389130198,
      0.026667283640444864,
      0.05333456728088973,
      0.053334579668554996,
      0.10666915933710999,
      0.08890068515794117,
      -0.6246421209546269
    ]
  ],
  "qubo_offset": 0.8999999999999999,
  "J_matrix_8x8": [
    [
      0.0,
      0.007132379247721878,
      0.0026668453863180263,
      0.005333690772636053,
      0.0053337362220075586,
      0.010667472444015117,
      0.008888979864127474,
      0.01777795972825495
    ],
    [
      0.0,
      0.0,
      0.005333690772636053,
      0.010667381545272105,
      0.010667472444015117,
      0.021334944888030234,
      0.01777795972825495,
      0.0355559194565099
    ],
    [
      0.0,
      0.0,
      0.0,
      0.0040051286865819356,
      0.004000207316332287,
      0.008000414632664574,
      0.006666820910111216,
      0.013333641820222432
    ],
    [
      0.0,
      0.0,
      0.0,
      0.0,
      0.008000414632664574,
      0.01600082926532915,
      0.013333641820222432,
      0.026667283640444864
    ],
    [
      0.0,
      0.0,
      0.0,
      0.0,
      0.0,
      0.016004125768219628,
      0.013333644917138749,
      0.026667289834277498
    ],
    [
      0.0,
      0.0,
      0.0,
      0.0,
      0.0,
      0.0,
      0.026667289834277498,
      0.053334579668554996
    ],
    [
      0.0,
      0.0,
      0.0,
      0.0,
      0.0,
      0.0,
      0.0,
      0.044450342578970584
    ],
    [
      0.0,
      0.0,
      0.0,
      0.0,
      0.0,
      0.0,
      0.0,
      0.0
    ]
  ],
  "h_fields": [
    -0.01973043163205211,
    -0.03946086326410422,
    -0.014720618741133978,
    -0.029441237482267957,
    -0.02865890509790435,
    -0.057317810195808644,
    -0.04726702187503909,
    -0.09453404375007823
  ],
  "ising_offset": 0.12926498013579946,
  "params": {
    "q": 1.0,
    "lambda": 10.0,
    "B": 0.3,
    "K": 3
  },
  "ground_truth": {
    "x": [
      1,
      1,
      0,
      1,
      1,
      1,
      1,
      0
    ],
    "lots": [
      3,
      2,
      3,
      1
    ],
    "weights": [
      0.08,
      0.04,
      0.12,
      0.0667
    ],
    "total_weight": 0.3067,
    "return": 0.014735,
    "risk": 0.016876,
    "objective": -0.014006
  },
  "top_10": [
    {
      "x": [
        1,
        1,
        0,
        1,
        1,
        1,
        1,
        0
      ],
      "lots": [
        3,
        2,
        3,
        1
      ],
      "weights": [
        0.08,
        0.04,
        0.12,
        0.0667
      ],
      "total_weight": 0.3067,
      "return": 0.014735,
      "risk": 0.016876,
      "objective": -0.014006
    },
    {
      "x": [
        0,
        1,
        1,
        1,
        1,
        1,
        1,
        0
      ],
      "lots": [
        2,
        3,
        3,
        1
      ],
      "weights": [
        0.0533,
        0.06,
        0.12,
        0.0667
      ],
      "total_weight": 0.3,
      "return": 0.013999,
      "risk": 0.014213,
      "objective": -0.013797
    },
    {
      "x": [
        1,
        1,
        1,
        1,
        0,
        1,
        1,
        0
      ],
      "lots": [
        3,
        3,
        2,
        1
      ],
      "weights": [
        0.08,
        0.06,
        0.08,
        0.0667
      ],
      "total_weight": 0.2867,
      "return": 0.014859,
      "risk": 0.016926,
      "objective": -0.012795
    },
    {
      "x": [
        1,
        1,
        1,
        1,
        1,
        0,
        0,
        1
      ],
      "lots": [
        3,
        3,
        1,
        2
      ],
      "weights": [
        0.08,
        0.06,
        0.04,
        0.1333
      ],
      "total_weight": 0.3133,
      "return": 0.014745,
      "risk": 0.016954,
      "objective": -0.01268
    },
    {
      "x": [
        1,
        1,
        0,
        1,
        1,
        0,
        0,
        1
      ],
      "lots": [
        3,
        2,
        1,
        2
      ],
      "weights": [
        0.08,
        0.04,
        0.04,
        0.1333
      ],
      "total_weight": 0.2933,
      "return": 0.013285,
      "risk": 0.016049,
      "objective": -0.012583
    },
    {
      "x": [
        0,
        1,
        0,
        1,
        0,
        1,
        0,
        1
      ],
      "lots": [
        2,
        2,
        2,
        2
      ],
      "weights": [
        0.0533,
        0.04,
        0.08,
        0.1333
      ],
      "total_weight": 0.3067,
      "return": 0.012425,
      "risk": 0.012931,
      "objective": -0.011814
    },
    {
      "x": [
        1,
        0,
        1,
        1,
        0,
        1,
        0,
        1
      ],
      "lots": [
        1,
        3,
        2,
        2
      ],
      "weights": [
        0.0267,
        0.06,
        0.08,
        0.1333
      ],
      "total_weight": 0.3,
      "return": 0.01169,
      "risk": 0.011282,
      "objective": -0.011563
    },
    {
      "x": [
        1,
        1,
        1,
        0,
        0,
        0,
        1,
        1
      ],